Date,BLBD,CLBT,DAR,MTN
2021-11-08,25.25,10.390000343322754,83.44000244140625,341.36431884765625
2021-11-09,24.420000076293945,10.199999809265137,81.87999725341797,337.44964599609375
2021-11-10,23.5,9.789999961853027,78.16999816894531,334.1357421875
2021-11-11,24.639999389648438,9.5600004196167,79.02999877929688,330.6435546875
2021-11-12,25.040000915527344,10.670000076293945,76.62000274658203,332.9434814453125
2021-11-15,25.219999313354492,9.949999809265137,77.69000244140625,329.54522705078125
2021-11-16,25.309999465942383,9.899999618530273,75.80999755859375,326.37213134765625
2021-11-17,24.760000228881836,9.609999656677246,74.0,325.82763671875
2021-11-18,23.940000534057617,9.5,73.08000183105469,321.0586853027344
2021-11-19,23.459999084472656,9.260000228881836,71.44000244140625,321.46240234375
2021-11-22,23.700000762939453,9.039999961853027,72.7699966430664,321.7253112792969
2021-11-23,23.200000762939453,8.619999885559082,74.12999725341797,322.1476745605469
2021-11-24,22.959999084472656,8.489999771118164,73.26000213623047,321.7158508300781
2021-11-26,22.139999389648438,8.680000305175781,71.27999877929688,315.6983642578125
2021-11-29,21.469999313354492,8.3100004196167,70.81999969482422,313.03228759765625
2021-11-30,20.239999771118164,7.800000190734863,67.5199966430664,311.3988037109375
2021-12-01,19.270000457763672,7.920000076293945,65.06999969482422,309.643310546875
2021-12-02,19.209999084472656,8.420000076293945,66.48999786376953,312.1028747558594
2021-12-03,18.59000015258789,8.039999961853027,64.69999694824219,307.380859375
2021-12-06,18.530000686645508,8.09000015258789,65.80000305175781,317.11590576171875
2021-12-07,18.40999984741211,8.59000015258789,67.08999633789062,318.38323974609375
2021-12-08,18.440000534057617,8.579999923706055,67.69999694824219,323.7529602050781
2021-12-09,17.719999313354492,8.710000038146973,65.23999786376953,315.53875732421875
2021-12-10,17.360000610351562,8.289999961853027,63.310001373291016,318.2236633300781
2021-12-13,17.200000762939453,7.929999828338623,63.38999938964844,308.2633056640625
2021-12-14,16.360000610351562,8.15999984741211,63.720001220703125,305.4939270019531
2021-12-15,16.06999969482422,8.270000457763672,62.880001068115234,292.4544372558594
2021-12-16,15.489999771118164,8.539999961853027,63.29999923706055,300.8470458984375
2021-12-17,15.75,8.739999771118164,64.55000305175781,302.48052978515625
2021-12-20,14.989999771118164,8.6899995803833,61.90999984741211,294.9421691894531
2021-12-21,15.039999961853027,8.390000343322754,63.84000015258789,310.34735107421875
2021-12-22,14.819999694824219,8.239999771118164,64.37999725341797,310.0281982421875
2021-12-23,14.739999771118164,8.100000381469727,64.5,311.886962890625
2021-12-27,14.869999885559082,7.940000057220459,66.33999633789062,311.10565185546875
2021-12-28,15.149999618530273,8.350000381469727,66.5199966430664,310.2115173339844
2021-12-29,15.140000343322754,8.1899995803833,67.80999755859375,312.14111328125
2021-12-30,15.329999923706055,7.849999904632568,67.87000274658203,309.9668273925781
2021-12-31,15.640000343322754,8.020000457763672,69.29000091552734,308.6396179199219
2022-01-03,15.800000190734863,8.119999885559082,69.83999633789062,303.05792236328125
2022-01-04,16.420000076293945,7.650000095367432,71.04000091552734,298.71868896484375
2022-01-05,15.859999656677246,7.21999979019165,67.69000244140625,290.0873107910156
2022-01-06,15.699999809265137,7.230000019073486,65.13999938964844,296.5726318359375
2022-01-07,15.600000381469727,6.840000152587891,65.5,290.0214538574219
2022-01-10,15.789999961853027,6.730000019073486,65.98999786376953,279.404052734375
2022-01-11,16.25,6.949999809265137,67.11000061035156,282.3313903808594
2022-01-12,16.360000610351562,7.019999980926514,67.01000213623047,286.76470947265625
2022-01-13,16.010000228881836,6.730000019073486,66.43000030517578,280.0064392089844
2022-01-14,15.850000381469727,6.510000228881836,65.69999694824219,285.9552001953125
2022-01-18,15.5,6.099999904632568,67.12999725341797,280.87237548828125
2022-01-19,15.520000457763672,6.460000038146973,66.73999786376953,270.93267822265625
2022-01-20,15.149999618530273,6.300000190734863,64.6500015258789,267.04522705078125
2022-01-21,15.130000114440918,5.739999771118164,62.72999954223633,262.7625732421875
2022-01-24,14.760000228881836,5.690000057220459,63.36000061035156,267.0829162597656
2022-01-25,14.630000114440918,5.340000152587891,61.959999084472656,263.81671142578125
2022-01-26,14.90999984741211,5.659999847412109,61.66999816894531,256.6820068359375
2022-01-27,14.260000228881836,5.349999904632568,60.59000015258789,250.3661346435547
2022-01-28,14.539999961853027,5.380000114440918,62.72999954223633,256.4372253417969
2022-01-31,15.510000228881836,6.0,63.77000045776367,260.82354736328125
2022-02-01,15.869999885559082,6.269999980926514,63.93000030517578,262.0189514160156
2022-02-02,15.520000457763672,5.860000133514404,63.900001525878906,258.6209716796875
2022-02-03,14.890000343322754,5.610000133514404,62.20000076293945,258.150390625
2022-02-04,14.920000076293945,6.039999961853027,62.34000015258789,259.157470703125
2022-02-07,14.4399995803833,6.329999923706055,62.36000061035156,260.76708984375
2022-02-08,15.229999542236328,6.53000020980835,63.63999938964844,261.2470703125
2022-02-09,15.920000076293945,6.739999771118164,66.12000274658203,262.8472595214844
2022-02-10,17.68000030517578,6.639999866485596,64.8499984741211,262.5743103027344
2022-02-11,17.010000228881836,6.489999771118164,65.20999908447266,255.89129638671875
2022-02-14,17.1200008392334,6.599999904632568,64.70999908447266,255.4960174560547
2022-02-15,19.420000076293945,7.010000228881836,66.5199966430664,261.5106201171875
2022-02-16,20.760000228881836,7.739999771118164,68.37999725341797,259.2798767089844
2022-02-17,20.260000228881836,7.449999809265137,67.3499984741211,250.64849853515625
2022-02-18,20.6200008392334,7.099999904632568,66.52999877929688,250.37554931640625
2022-02-22,20.610000610351562,7.179999828338623,63.849998474121094,248.42709350585938
2022-02-23,20.530000686645508,7.159999847412109,65.2699966430664,241.7629852294922
2022-02-24,21.139999389648438,7.239999771118164,68.6500015258789,247.06228637695312
2022-02-25,21.09000015258789,7.489999771118164,70.6500015258789,251.21328735351562
2022-02-28,21.309999465942383,7.099999904632568,72.4800033569336,245.2456512451172
2022-03-01,20.440000534057617,7.420000076293945,76.9800033569336,237.1508026123047
2022-03-02,21.549999237060547,7.599999904632568,78.41000366210938,248.3800811767578
2022-03-03,21.239999771118164,7.53000020980835,78.16999816894531,237.08493041992188
2022-03-04,20.260000228881836,6.789999961853027,75.79000091552734,229.19715881347656
2022-03-07,20.110000610351562,6.289999961853027,72.31999969482422,211.31317138671875
2022-03-08,21.079999923706055,6.480000019073486,72.86000061035156,217.4972686767578
2022-03-09,21.700000762939453,6.460000038146973,74.62999725341797,223.24838256835938
2022-03-10,20.600000381469727,6.239999771118164,75.12000274658203,229.6865997314453
2022-03-11,20.549999237060547,5.980000019073486,74.20999908447266,227.27699279785156
2022-03-14,19.5,6.010000228881836,73.51000213623047,227.78526306152344
2022-03-15,19.719999313354492,6.230000019073486,70.75,234.5247039794922
2022-03-16,20.440000534057617,6.300000190734863,73.9000015258789,252.10748291015625
2022-03-17,20.969999313354492,6.46999979019165,74.58999633789062,253.0957794189453
2022-03-18,20.719999313354492,6.5,73.56999969482422,256.11724853515625
2022-03-21,21.450000762939453,7.210000038146973,78.13999938964844,247.36349487304688
2022-03-22,21.329999923706055,7.300000190734863,81.88999938964844,247.96591186523438
2022-03-23,21.079999923706055,7.320000171661377,78.0,240.41697692871094
2022-03-24,21.280000686645508,7.179999828338623,78.73999786376953,243.4290313720703
2022-03-25,21.1299991607666,6.659999847412109,79.3499984741211,243.25958251953125
2022-03-28,20.5,6.309999942779541,80.38999938964844,244.01260375976562
2022-03-29,20.989999771118164,6.320000171661377,80.19999694824219,254.26318359375
2022-03-30,19.850000381469727,6.460000038146973,80.48999786376953,250.67877197265625
2022-03-31,18.81999969482422,6.400000095367432,80.37999725341797,246.8004608154297
2022-04-01,19.110000610351562,6.550000190734863,83.19999694824219,245.89012145996094
2022-04-04,19.450000762939453,7.190000057220459,81.04000091552734,244.344482421875
2022-04-05,19.1200008392334,7.099999904632568,80.08000183105469,241.3574981689453
2022-04-06,18.40999984741211,6.110000133514404,76.05999755859375,236.7679901123047
2022-04-07,17.889999389648438,5.78000020980835,74.95999908447266,236.00936889648438
2022-04-08,17.440000534057617,5.900000095367432,74.51000213623047,231.87501525878906
2022-04-11,17.530000686645508,5.889999866485596,73.8499984741211,232.9655303955078
2022-04-12,17.459999084472656,5.739999771118164,74.30000305175781,234.10340881347656
2022-04-13,17.8799991607666,5.920000076293945,77.51000213623047,244.26864624023438
2022-04-14,17.899999618530273,5.690000057220459,80.37000274658203,246.99960327148438
2022-04-18,17.610000610351562,5.5,80.9000015258789,246.05133056640625
2022-04-19,18.1299991607666,5.480000019073486,82.68000030517578,251.50375366210938
2022-04-20,18.1200008392334,5.340000152587891,86.06999969482422,246.90475463867188
2022-04-21,17.8799991607666,5.599999904632568,82.69999694824219,242.57125854492188
2022-04-22,17.360000610351562,5.119999885559082,79.66000366210938,237.73519897460938
2022-04-25,17.079999923706055,5.21999979019165,75.66000366210938,249.88223266601562
2022-04-26,16.299999237060547,5.059999942779541,73.0199966430664,241.2247772216797
2022-04-27,16.389999389648438,4.980000019073486,76.79000091552734,244.62896728515625
2022-04-28,16.75,5.170000076293945,77.04000091552734,244.67637634277344
2022-04-29,16.030000686645508,5.349999904632568,73.38999938964844,241.0066680908203
2022-05-02,16.149999618530273,5.400000095367432,75.61000061035156,241.82215881347656
2022-05-03,15.979999542236328,5.190000057220459,76.25,240.93081665039062
2022-05-04,16.549999237060547,5.449999809265137,77.5199966430664,247.4642333984375
2022-05-05,15.720000267028809,5.25,75.41000366210938,236.85333251953125
2022-05-06,15.479999542236328,5.059999942779541,76.08000183105469,235.61114501953125
2022-05-09,15.119999885559082,4.989999771118164,72.7300033569336,223.5304412841797
2022-05-10,14.899999618530273,4.809999942779541,74.27999877929688,228.69839477539062
2022-05-11,14.0600004196167,4.730000019073486,73.25,218.115966796875
2022-05-12,14.15999984741211,4.650000095367432,71.86000061035156,219.26332092285156
2022-05-13,13.079999923706055,5.159999847412109,77.33999633789062,224.8011016845703
2022-05-16,11.979999542236328,4.619999885559082,76.54000091552734,219.3865966796875
2022-05-17,12.760000228881836,4.71999979019165,80.41000366210938,223.05630493164062
2022-05-18,12.329999923706055,4.690000057220459,77.81999969482422,217.50906372070312
2022-05-19,12.119999885559082,4.699999809265137,78.47000122070312,222.0417022705078
2022-05-20,12.229999542236328,4.539999961853027,78.04000091552734,221.97532653808594
2022-05-23,12.319999694824219,4.489999771118164,79.26000213623047,227.51309204101562
2022-05-24,11.529999732971191,4.619999885559082,75.94999694824219,225.35108947753906
2022-05-25,12.0,4.559999942779541,78.61000061035156,229.627685546875
2022-05-26,12.199999809265137,4.789999961853027,79.72000122070312,240.53253173828125
2022-05-27,12.380000114440918,4.989999771118164,81.66000366210938,239.84979248046875
2022-05-31,12.210000038146973,4.820000171661377,80.06999969482422,239.15757751464844
2022-06-01,12.1899995803833,4.840000152587891,80.98999786376953,237.24209594726562
2022-06-02,12.550000190734863,5.110000133514404,83.69999694824219,243.08331298828125
2022-06-03,12.260000228881836,5.010000228881836,83.87000274658203,243.8608856201172
2022-06-06,12.430000305175781,5.179999828338623,83.73999786376953,246.6392822265625
2022-06-07,12.239999771118164,5.090000152587891,87.18000030517578,244.35397338867188
2022-06-08,11.9399995803833,5.090000152587891,85.47000122070312,243.2350311279297
2022-06-09,11.850000381469727,4.75,82.66000366210938,232.79486083984375
2022-06-10,11.430000305175781,4.690000057220459,75.9800033569336,235.78179931640625
2022-06-13,10.609999656677246,4.639999866485596,71.04000091552734,216.3522186279297
2022-06-14,10.34000015258789,4.460000038146973,72.9800033569336,218.9124755859375
2022-06-15,10.800000190734863,5.019999980926514,72.70999908447266,219.89865112304688
2022-06-16,10.239999771118164,4.980000019073486,69.48999786376953,208.32057189941406
2022-06-17,10.430000305175781,5.21999979019165,68.45999908447266,215.08157348632812
2022-06-21,10.640000343322754,5.199999809265137,68.73999786376953,211.7152862548828
2022-06-22,10.399999618530273,5.21999979019165,65.29000091552734,210.2075653076172
2022-06-23,10.350000381469727,5.559999942779541,61.400001525878906,213.78245544433594
2022-06-24,10.579999923706055,5.269999980926514,61.650001525878906,222.1983642578125
2022-06-27,10.59000015258789,5.079999923706055,64.5999984741211,221.7488555908203
2022-06-28,9.930000305175781,5.019999980926514,63.93000030517578,217.617431640625
2022-06-29,9.399999618530273,5.070000171661377,63.45000076293945,213.7633514404297
2022-06-30,9.210000038146973,5.099999904632568,59.79999923706055,208.5321044921875
2022-07-01,9.170000076293945,5.25,62.619998931884766,213.40948486328125
2022-07-05,9.1899995803833,5.559999942779541,59.54999923706055,214.0980682373047
2022-07-06,8.949999809265137,5.699999809265137,56.810001373291016,206.91587829589844
2022-07-07,9.270000457763672,5.690000057220459,59.560001373291016,209.92837524414062
2022-07-08,9.039999961853027,5.949999809265137,58.90999984741211,206.6863555908203
2022-07-11,8.699999809265137,5.679999828338623,58.06999969482422,200.75697326660156
2022-07-12,8.859999656677246,5.559999942779541,58.33000183105469,201.92373657226562
2022-07-13,8.6899995803833,5.619999885559082,58.47999954223633,203.00440979003906
2022-07-14,8.510000228881836,5.25,57.2599983215332,200.07798767089844
2022-07-15,8.6899995803833,5.239999771118164,58.29999923706055,207.13583374023438
2022-07-18,9.020000457763672,5.199999809265137,58.72999954223633,208.5129852294922
2022-07-19,9.65999984741211,5.409999847412109,60.849998474121094,217.39747619628906
2022-07-20,9.9399995803833,5.75,60.7400016784668,220.1613311767578
2022-07-21,10.029999732971191,5.829999923706055,60.630001068115234,220.8690185546875
2022-07-22,9.8100004196167,5.53000020980835,60.36000061035156,220.62039184570312
2022-07-25,9.819999694824219,5.389999866485596,62.40999984741211,221.567138671875
2022-07-26,9.710000038146973,5.429999828338623,62.290000915527344,218.67898559570312
2022-07-27,9.960000038146973,5.400000095367432,63.2400016784668,224.3692626953125
2022-07-28,10.380000114440918,5.190000057220459,67.9800033569336,225.17259216308594
2022-07-29,11.15999984741211,5.050000190734863,69.27999877929688,226.77928161621094
2022-08-01,10.520000457763672,5.119999885559082,70.33000183105469,228.175537109375
2022-08-02,10.869999885559082,5.329999923706055,70.91999816894531,227.9938201904297
2022-08-03,11.4399995803833,5.630000114440918,71.91999816894531,230.7768096923828
2022-08-04,11.630000114440918,5.610000133514404,71.68000030517578,226.4827880859375
2022-08-05,11.729999542236328,5.699999809265137,72.4000015258789,223.30772399902344
2022-08-08,12.359999656677246,5.599999904632568,71.80999755859375,222.8295440673828
2022-08-09,11.710000038146973,5.429999828338623,71.88999938964844,223.5181121826172
2022-08-10,12.0,5.670000076293945,73.9800033569336,230.57598876953125
2022-08-11,11.680000305175781,5.28000020980835,75.86000061035156,229.64833068847656
2022-08-12,12.40999984741211,5.340000152587891,77.44000244140625,233.37808227539062
2022-08-15,12.75,5.289999961853027,76.4800033569336,233.511962890625
2022-08-16,12.640000343322754,5.320000171661377,76.48999786376953,237.3182373046875
2022-08-17,12.510000228881836,5.199999809265137,75.66999816894531,233.07205200195312
2022-08-18,12.109999656677246,4.920000076293945,76.54000091552734,232.04876708984375
2022-08-19,11.850000381469727,4.889999866485596,74.58999633789062,227.8503875732422
2022-08-22,11.279999732971191,4.760000228881836,73.69999694824219,219.3579864501953
2022-08-23,11.270000457763672,4.900000095367432,74.83000183105469,224.35012817382812
2022-08-24,11.600000381469727,4.849999904632568,77.41999816894531,224.91436767578125
2022-08-25,12.350000381469727,4.800000190734863,78.97000122070312,227.9938201904297
2022-08-26,11.920000076293945,4.800000190734863,77.05999755859375,219.004150390625
2022-08-29,12.029999732971191,4.940000057220459,77.8499984741211,217.77044677734375
2022-08-30,11.770000457763672,4.829999923706055,75.16999816894531,215.7142791748047
2022-08-31,11.869999885559082,4.849999904632568,76.05999755859375,214.87271118164062
2022-09-01,11.579999923706055,4.869999885559082,75.29000091552734,213.03651428222656
2022-09-02,11.449999809265137,4.760000228881836,75.18000030517578,212.3096923828125
2022-09-06,11.270000457763672,4.829999923706055,73.69000244140625,210.63607788085938
2022-09-07,11.510000228881836,4.75,75.66000366210938,219.1380157470703
2022-09-08,11.470000267028809,4.579999923706055,76.41000366210938,217.45486450195312
2022-09-09,11.100000381469727,4.570000171661377,77.97000122070312,224.73268127441406
2022-09-12,10.829999923706055,4.599999904632568,77.5199966430664,228.80673217773438
2022-09-13,9.90999984741211,4.5,75.94999694824219,219.558837890625
2022-09-14,9.729999542236328,4.409999847412109,75.66000366210938,221.8253631591797
2022-09-15,10.109999656677246,4.460000038146973,74.19999694824219,219.9413604736328
2022-09-16,10.130000114440918,4.369999885559082,73.22000122070312,212.41488647460938
2022-09-19,9.859999656677246,4.284999847412109,75.38999938964844,215.62823486328125
2022-09-20,9.399999618530273,4.210000038146973,75.4000015258789,216.61328125
2022-09-21,9.095000267028809,4.28000020980835,73.7699966430664,210.3778533935547
2022-09-22,8.850000381469727,4.130000114440918,72.4800033569336,202.42103576660156
2022-09-23,8.649999618530273,4.300000190734863,67.33999633789062,199.08335876464844
2022-09-26,8.350000381469727,4.085000038146973,66.55000305175781,195.0093231201172
2022-09-27,8.119999885559082,4.050000190734863,66.41999816894531,194.97105407714844
2022-09-28,8.529999732971191,4.130000114440918,68.4800033569336,201.11083984375
2022-09-29,8.260000228881836,4.0,66.36000061035156,204.22853088378906
2022-09-30,8.350000381469727,3.9200000762939453,66.1500015258789,206.22731018066406
2022-10-03,9.09000015258789,3.990000009536743,68.98999786376953,204.36241149902344
2022-10-04,9.319999694824219,4.210000038146973,73.05999755859375,217.15798950195312
2022-10-05,9.520000457763672,4.320000171661377,72.98999786376953,215.8938751220703
2022-10-06,9.699999809265137,4.5,72.7300033569336,213.134033203125
2022-10-07,9.289999961853027,4.320000171661377,73.19000244140625,211.80238342285156
2022-10-10,8.289999961853027,4.059999942779541,75.16999816894531,209.73733520507812
2022-10-11,7.820000171661377,4.010000228881836,73.29000091552734,208.8206024169922
2022-10-12,7.599999904632568,4.110000133514404,74.44999694824219,213.3173828125
2022-10-13,7.5,4.239999771118164,78.44000244140625,216.82025146484375
2022-10-14,7.53000020980835,4.269999980926514,74.19000244140625,213.6165313720703
2022-10-17,7.730000019073486,4.400000095367432,77.01000213623047,209.20660400390625
2022-10-18,7.78000020980835,4.46999979019165,73.98999786376953,207.7205352783203
2022-10-19,7.650000095367432,4.409999847412109,75.08999633789062,204.03433227539062
2022-10-20,7.369999885559082,4.590000152587891,73.80999755859375,200.3963623046875
2022-10-21,7.480000019073486,4.760000228881836,77.75,204.53611755371094
2022-10-24,7.849999904632568,4.769999980926514,77.01000213623047,207.57579040527344
2022-10-25,8.100000381469727,4.769999980926514,75.86000061035156,211.42604064941406
2022-10-26,8.399999618530273,4.679999828338623,77.55999755859375,209.8338165283203
2022-10-27,9.300000190734863,4.78000020980835,78.08999633789062,205.68443298339844
2022-10-28,9.050000190734863,4.849999904632568,77.94000244140625,209.11009216308594
2022-10-31,9.170000076293945,4.829999923706055,78.4800033569336,211.4550018310547
2022-11-01,9.489999771118164,4.739999771118164,79.11000061035156,213.0086212158203
2022-11-02,9.239999771118164,4.53000020980835,77.76000213623047,206.75555419921875
2022-11-03,9.359999656677246,4.590000152587891,77.94000244140625,205.15370178222656
2022-11-04,9.5600004196167,4.789999961853027,79.7699966430664,208.00038146972656
2022-11-07,9.699999809265137,4.760000228881836,80.0999984741211,208.72412109375
2022-11-08,9.34000015258789,4.659999847412109,81.55999755859375,211.69622802734375
2022-11-09,9.600000381469727,4.539999961853027,70.94000244140625,208.40567016601562
2022-11-10,10.609999656677246,4.679999828338623,74.45999908447266,222.19517517089844
2022-11-11,11.34000015258789,4.869999885559082,75.77999877929688,232.03790283203125
2022-11-14,11.6899995803833,4.849999904632568,75.41999816894531,227.29989624023438
2022-11-15,11.970000267028809,4.949999809265137,75.4000015258789,233.50466918945312
2022-11-16,11.1899995803833,4.909999847412109,72.5999984741211,229.95358276367188
2022-11-17,11.170000076293945,4.849999904632568,70.69999694824219,229.46142578125
2022-11-18,11.699999809265137,4.619999885559082,71.44999694824219,234.8363494873047
2022-11-21,11.470000267028809,4.5,71.01000213623047,240.71302795410156
2022-11-22,11.569999694824219,4.489999771118164,72.04000091552734,251.29884338378906
2022-11-23,11.350000381469727,4.639999866485596,72.26000213623047,246.91781616210938
2022-11-25,11.220000267028809,4.635000228881836,73.45999908447266,256.4131774902344
2022-11-28,11.3100004196167,4.539999961853027,70.30000305175781,249.7355194091797
2022-11-29,11.520000457763672,4.460000038146973,69.91999816894531,247.32310485839844
2022-11-30,11.8100004196167,4.519999980926514,71.83000183105469,248.5196990966797
2022-12-01,11.899999618530273,4.690000057220459,64.5999984741211,249.7644805908203
2022-12-02,12.399999618530273,4.46999979019165,63.18000030517578,247.52577209472656
2022-12-05,12.5,4.5,61.08000183105469,241.3692169189453
2022-12-06,12.890000343322754,4.349999904632568,62.41999816894531,238.04005432128906
2022-12-07,12.710000038146973,4.130000114440918,63.040000915527344,238.27163696289062
2022-12-08,13.149999618530273,4.110000133514404,61.59000015258789,242.411376953125
2022-12-09,12.760000228881836,4.289999961853027,62.33000183105469,249.58119201660156
2022-12-12,12.350000381469727,4.349999904632568,61.16999816894531,252.5339813232422
2022-12-13,10.289999961853027,4.28000020980835,60.869998931884766,257.5904541015625
2022-12-14,9.079999923706055,4.190000057220459,62.08000183105469,252.9392852783203
2022-12-15,10.470000267028809,4.28000020980835,61.58000183105469,247.46786499023438
2022-12-16,10.229999542236328,4.340000152587891,60.81999969482422,242.411376953125
2022-12-19,10.699999809265137,4.110000133514404,59.65999984741211,237.28738403320312
2022-12-20,10.119999885559082,4.150000095367432,60.619998931884766,234.604736328125
2022-12-21,10.329999923706055,4.21999979019165,62.31999969482422,233.9003143310547
2022-12-22,9.710000038146973,4.190000057220459,61.33000183105469,233.28271484375
2022-12-23,9.970000267028809,4.179999828338623,61.68000030517578,234.46937561035156
2022-12-27,9.729999542236328,4.010000228881836,63.150001525878906,231.6000213623047
2022-12-28,9.680000305175781,4.21999979019165,61.68000030517578,225.98776245117188
2022-12-29,9.489999771118164,4.5,62.27000045776367,231.43467712402344
2022-12-30,10.710000038146973,4.360000133514404,62.59000015258789,231.83346557617188
2023-01-03,11.569999694824219,4.519999980926514,61.0099983215332,233.4869842529297
2023-01-04,12.010000228881836,4.619999885559082,61.400001525878906,239.23541259765625
2023-01-05,12.4399995803833,4.440000057220459,60.52000045776367,236.19097900390625
2023-01-06,13.100000381469727,4.449999809265137,63.599998474121094,241.68650817871094
2023-01-09,13.880000114440918,4.360000133514404,63.83000183105469,245.34371948242188
2023-01-10,14.470000267028809,4.389999866485596,65.4800033569336,243.77772521972656
2023-01-11,14.510000228881836,4.449999809265137,65.52999877929688,244.09869384765625
2023-01-12,14.9399995803833,4.389999866485596,66.87000274658203,240.77220153808594
2023-01-13,15.25,4.389999866485596,67.19000244140625,244.9546356201172
2023-01-17,14.970000267028809,4.449999809265137,66.69999694824219,245.69386291503906
2023-01-18,16.0,4.389999866485596,64.61000061035156,240.1302490234375
2023-01-19,14.619999885559082,4.440000057220459,64.61000061035156,238.62261962890625
2023-01-20,15.359999656677246,4.590000152587891,65.62999725341797,244.42941284179688
2023-01-23,15.279999732971191,4.949999809265137,66.2300033569336,246.64707946777344
2023-01-24,15.170000076293945,5.070000171661377,64.58999633789062,247.3084716796875
2023-01-25,14.930000305175781,5.199999809265137,66.04000091552734,245.7911376953125
2023-01-26,14.770000457763672,5.329999923706055,66.9000015258789,249.61367797851562
2023-01-27,14.569999694824219,5.289999961853027,65.36000061035156,250.3140106201172
2023-01-30,14.34000015258789,5.369999885559082,65.16999816894531,250.4988250732422
2023-01-31,14.5,5.489999771118164,66.29000091552734,255.1675567626953
2023-02-01,15.229999542236328,5.510000228881836,67.45999908447266,255.1383819580078
2023-02-02,15.609999656677246,5.510000228881836,67.01000213623047,253.4167938232422
2023-02-03,14.949999809265137,5.539999961853027,66.47000122070312,250.87814331054688
2023-02-06,14.300000190734863,5.389999866485596,66.4000015258789,248.55348205566406
2023-02-07,13.460000038146973,5.28000020980835,66.05999755859375,250.7614288330078
2023-02-08,13.800000190734863,5.239999771118164,65.47000122070312,248.0282440185547
2023-02-09,17.93000030517578,5.230000019073486,64.55999755859375,246.2580108642578
2023-02-10,19.84000015258789,5.090000152587891,65.66999816894531,243.55401611328125
2023-02-13,20.3799991607666,4.949999809265137,67.33000183105469,248.2033233642578
2023-02-14,21.309999465942383,5.179999828338623,68.37000274658203,248.77719116210938
2023-02-15,20.479999542236328,5.900000095367432,68.47000122070312,246.17047119140625
2023-02-16,20.110000610351562,5.949999809265137,67.72000122070312,241.4822540283203
2023-02-17,20.260000228881836,5.75,66.55000305175781,236.68702697753906
2023-02-21,19.84000015258789,5.78000020980835,65.0,230.0437469482422
2023-02-22,19.420000076293945,5.96999979019165,66.66000366210938,233.58424377441406
2023-02-23,19.34000015258789,5.980000019073486,67.55999755859375,232.53379821777344
2023-02-24,18.959999084472656,5.769999980926514,66.97000122070312,231.38604736328125
2023-02-27,19.700000762939453,5.960000038146973,67.55000305175781,230.46202087402344
2023-02-28,20.309999465942383,6.150000095367432,63.27000045776367,227.10633850097656
2023-03-01,21.299999237060547,5.75,63.95000076293945,228.75985717773438
2023-03-02,21.639999389648438,5.860000133514404,62.70000076293945,230.6954345703125
2023-03-03,21.719999313354492,6.119999885559082,63.91999816894531,232.5143280029297
2023-03-06,21.329999923706055,6.079999923706055,63.540000915527344,230.78298950195312
2023-03-07,21.739999771118164,5.949999809265137,62.08000183105469,227.68020629882812
2023-03-08,22.520000457763672,5.900000095367432,62.060001373291016,227.5537567138672
2023-03-09,21.940000534057617,6.070000171661377,61.25,222.4375762939453
2023-03-10,20.610000610351562,5.869999885559082,60.02000045776367,215.0842742919922
2023-03-13,20.31999969482422,5.820000171661377,57.369998931884766,210.30850219726562
2023-03-14,20.469999313354492,5.849999904632568,58.880001068115234,210.3571319580078
2023-03-15,20.0,5.764999866485596,54.150001525878906,210.67811584472656
2023-03-16,20.350000381469727,5.829999923706055,53.93000030517578,214.54930114746094
2023-03-17,19.34000015258789,5.78000020980835,52.900001525878906,213.82952880859375
2023-03-20,19.15999984741211,5.699999809265137,54.45000076293945,215.33714294433594
2023-03-21,20.530000686645508,5.900000095367432,56.72999954223633,217.67153930664062
2023-03-22,19.440000534057617,5.840000152587891,55.79999923706055,213.80035400390625
2023-03-23,19.799999237060547,5.820000171661377,55.060001373291016,213.47935485839844
2023-03-24,19.709999084472656,5.860000133514404,54.38999938964844,215.51187133789062
2023-03-27,20.100000381469727,5.880000114440918,55.540000915527344,217.68179321289062
2023-03-28,20.34000015258789,5.760000228881836,55.33000183105469,215.3743896484375
2023-03-29,20.510000228881836,5.800000190734863,56.209999084472656,220.40159606933594
2023-03-30,20.56999969482422,5.989999771118164,56.68000030517578,224.3291015625
2023-03-31,20.43000030517578,6.090000152587891,58.400001525878906,229.4446563720703
2023-04-03,19.75,5.949999809265137,58.970001220703125,228.8653564453125
2023-04-04,20.360000610351562,5.809999942779541,57.09000015258789,230.79965209960938
2023-04-05,19.290000915527344,5.599999904632568,56.27000045776367,229.7686767578125
2023-04-06,19.010000228881836,5.599999904632568,56.720001220703125,230.61309814453125
2023-04-10,19.760000228881836,5.550000190734863,58.70000076293945,235.54209899902344
2023-04-11,18.93000030517578,5.590000152587891,59.4900016784668,238.635009765625
2023-04-12,18.989999771118164,5.599999904632568,59.02000045776367,232.94015502929688
2023-04-13,18.200000762939453,5.820000171661377,58.88999938964844,237.6629638671875
2023-04-14,18.350000381469727,5.739999771118164,58.650001525878906,240.392578125
2023-04-17,18.850000381469727,5.690000057220459,58.689998626708984,242.0323028564453
2023-04-18,19.0,5.71999979019165,58.29999923706055,246.32308959960938
2023-04-19,18.190000534057617,5.579999923706055,57.97999954223633,241.97340393066406
2023-04-20,17.709999084472656,5.53000020980835,57.66999816894531,242.91598510742188
2023-04-21,17.719999313354492,5.78000020980835,57.040000915527344,244.61463928222656
2023-04-24,18.3799991607666,5.639999866485596,59.220001220703125,241.02098083496094
2023-04-25,18.059999465942383,5.510000228881836,58.20000076293945,236.86766052246094
2023-04-26,17.579999923706055,5.349999904632568,59.630001068115234,230.73092651367188
2023-04-27,18.260000228881836,5.300000190734863,59.70000076293945,233.6765594482422
2023-04-28,18.700000762939453,5.409999847412109,59.56999969482422,236.16070556640625
2023-05-01,19.350000381469727,5.489999771118164,59.0,239.175048828125
2023-05-02,19.389999389648438,5.389999866485596,56.279998779296875,240.0882110595703
2023-05-03,19.270000457763672,5.420000076293945,56.599998474121094,234.00057983398438
2023-05-04,18.530000686645508,5.409999847412109,55.20000076293945,231.05494689941406
2023-05-05,19.1299991607666,5.400000095367432,57.689998626708984,233.95147705078125
2023-05-08,19.75,5.449999809265137,57.61000061035156,234.9922637939453
2023-05-09,18.6299991607666,5.75,58.34000015258789,237.9771728515625
2023-05-10,19.40999984741211,5.559999942779541,63.34000015258789,235.7090301513672
2023-05-11,19.31999969482422,5.610000133514404,63.20000076293945,235.08062744140625
2023-05-12,26.329999923706055,5.46999979019165,62.400001525878906,232.63575744628906
2023-05-15,23.610000610351562,5.510000228881836,62.880001068115234,238.87066650390625
2023-05-16,22.020000457763672,5.400000095367432,61.150001525878906,233.38198852539062
2023-05-17,21.209999084472656,5.559999942779541,63.13999938964844,235.4144744873047
2023-05-18,24.889999389648438,5.440000057220459,64.72000122070312,240.66751098632812
2023-05-19,27.049999237060547,5.579999923706055,64.81999969482422,238.4386444091797
2023-05-22,28.170000076293945,5.489999771118164,64.66000366210938,236.6712646484375
2023-05-23,28.18000030517578,5.519999980926514,65.87000274658203,230.01414489746094
2023-05-24,26.280000686645508,5.699999809265137,64.45999908447266,232.675048828125
2023-05-25,26.420000076293945,5.78000020980835,64.36000061035156,236.6614532470703
2023-05-26,26.299999237060547,5.800000190734863,63.56999969482422,237.03456115722656
2023-05-30,26.65999984741211,5.739999771118164,63.65999984741211,239.53834533691406
2023-05-31,25.360000610351562,5.769999980926514,63.380001068115234,238.7921142578125
2023-06-01,25.200000762939453,5.739999771118164,63.189998626708984,242.9061737060547
2023-06-02,26.020000457763672,5.710000038146973,64.05999755859375,247.6191864013672
2023-06-05,25.139999389648438,5.650000095367432,63.06999969482422,247.95301818847656
2023-06-06,22.850000381469727,5.820000171661377,64.29000091552734,250.45680236816406
2023-06-07,20.93000030517578,6.0,65.30999755859375,251.536865234375
2023-06-08,22.209999084472656,5.960000038146973,63.18000030517578,253.3631591796875
2023-06-09,21.40999984741211,6.150000095367432,63.09000015258789,235.3162841796875
2023-06-12,21.649999618530273,6.199999809265137,61.630001068115234,244.04515075683594
2023-06-13,21.940000534057617,6.400000095367432,64.33999633789062,244.81101989746094
2023-06-14,21.75,6.190000057220459,64.58999633789062,245.0957489013672
2023-06-15,21.770000457763672,6.369999885559082,64.51000213623047,246.7453155517578
2023-06-16,22.18000030517578,6.429999828338623,65.12000274658203,243.9665985107422
2023-06-20,21.34000015258789,6.21999979019165,60.41999816894531,241.69847106933594
2023-06-21,21.809999465942383,6.289999961853027,59.720001220703125,242.5526885986328
2023-06-22,21.56999969482422,6.340000152587891,60.0,242.9945526123047
2023-06-23,21.139999389648438,6.340000152587891,58.84000015258789,239.21432495117188
2023-06-26,20.65999984741211,6.300000190734863,59.5,242.97726440429688
2023-06-27,20.93000030517578,6.989999771118164,60.709999084472656,247.58193969726562
2023-06-28,21.459999084472656,7.0,60.63999938964844,245.46279907226562
2023-06-29,22.059999465942383,7.159999847412109,62.0,246.85903930664062
2023-06-30,22.479999542236328,7.199999809265137,63.790000915527344,249.30496215820312
2023-07-03,22.469999313354492,7.199999809265137,64.1500015258789,246.1262664794922
2023-07-05,21.950000762939453,6.949999809265137,63.380001068115234,243.8585968017578
2023-07-06,21.440000534057617,6.96999979019165,62.81999969482422,242.501953125
2023-07-07,21.399999618530273,6.860000133514404,62.86000061035156,241.5216064453125
2023-07-10,22.790000915527344,6.909999847412109,62.68000030517578,242.5316619873047
2023-07-11,22.229999542236328,6.920000076293945,63.68000030517578,243.13571166992188
2023-07-12,22.59000015258789,6.960000038146973,64.51000213623047,241.59092712402344
2023-07-13,22.709999084472656,7.159999847412109,64.30999755859375,246.0965576171875
2023-07-14,22.6200008392334,6.980000019073486,63.75,242.3930206298828
2023-07-17,23.579999923706055,7.179999828338623,65.69999694824219,241.6503448486328
2023-07-18,22.959999084472656,7.239999771118164,66.43000030517578,242.412841796875
2023-07-19,23.09000015258789,7.460000038146973,66.73999786376953,238.9370574951172
2023-07-20,22.139999389648438,7.349999904632568,67.69000244140625,236.49114990234375
2023-07-21,21.530000686645508,7.610000133514404,67.72000122070312,238.4617462158203
2023-07-24,21.100000381469727,7.349999904632568,67.48999786376953,233.7481689453125
2023-07-25,21.15999984741211,7.510000228881836,68.4000015258789,234.2928009033203
2023-07-26,21.170000076293945,7.710000038146973,69.80000305175781,234.0551300048828
2023-07-27,20.469999313354492,7.449999809265137,68.80999755859375,229.73765563964844
2023-07-28,20.8799991607666,7.610000133514404,69.76000213623047,231.96571350097656
2023-07-31,20.940000534057617,7.809999942779541,69.25,233.19361877441406
2023-08-01,21.1299991607666,7.760000228881836,68.69000244140625,234.12445068359375
2023-08-02,20.270000457763672,7.329999923706055,69.01000213623047,229.83668518066406
2023-08-03,20.34000015258789,7.389999866485596,68.5999984741211,228.46023559570312
2023-08-04,20.5,7.389999866485596,68.16000366210938,228.35130310058594
2023-08-07,21.0,7.369999885559082,68.37999725341797,230.6783905029297
2023-08-08,21.06999969482422,8.029999732971191,68.37999725341797,229.47027587890625
2023-08-09,20.84000015258789,7.989999771118164,65.88999938964844,229.51979064941406
2023-08-10,20.020000457763672,7.400000095367432,63.650001525878906,228.58895874023438
2023-08-11,21.100000381469727,7.699999809265137,64.5,228.4107208251953
2023-08-14,21.020000457763672,7.679999828338623,65.86000061035156,227.07388305664062
2023-08-15,20.3799991607666,7.679999828338623,63.83000183105469,224.58836364746094
2023-08-16,20.450000762939453,7.699999809265137,62.61000061035156,222.5088348388672
2023-08-17,20.489999771118164,7.460000038146973,62.83000183105469,222.21176147460938
2023-08-18,21.739999771118164,7.599999904632568,63.83000183105469,222.716796875
2023-08-21,21.770000457763672,7.380000114440918,63.08000183105469,223.0435791015625
2023-08-22,21.889999389648438,7.400000095367432,61.369998931884766,222.92474365234375
2023-08-23,22.40999984741211,7.760000228881836,61.47999954223633,223.73675537109375
2023-08-24,21.170000076293945,7.650000095367432,60.25,220.2213592529297
2023-08-25,21.15999984741211,7.690000057220459,60.31999969482422,218.66668701171875
2023-08-28,21.110000610351562,7.699999809265137,61.040000915527344,220.1520538330078
2023-08-29,21.34000015258789,7.789999961853027,62.79999923706055,223.52879333496094
2023-08-30,21.530000686645508,7.920000076293945,62.810001373291016,224.51904296875
2023-08-31,21.850000381469727,8.050000190734863,61.7599983215332,224.11305236816406
2023-09-01,22.309999465942383,8.180000305175781,61.90999984741211,225.67762756347656
2023-09-05,21.260000228881836,8.100000381469727,60.2599983215332,233.6293182373047
2023-09-06,21.850000381469727,8.010000228881836,57.869998931884766,240.67990112304688
2023-09-07,21.290000915527344,7.929999828338623,58.2599983215332,243.1060028076172
2023-09-08,21.559999465942383,7.880000114440918,58.54999923706055,247.5324249267578
2023-09-11,21.979999542236328,7.400000095367432,62.83000183105469,247.97802734375
2023-09-12,19.829999923706055,7.429999828338623,61.439998626708984,246.85903930664062
2023-09-13,20.469999313354492,7.28000020980835,59.15999984741211,245.12611389160156
2023-09-14,20.68000030517578,7.28000020980835,59.439998626708984,248.8197479248047
2023-09-15,19.65999984741211,7.389999866485596,57.22999954223633,249.52281188964844
2023-09-18,19.299999237060547,7.320000171661377,56.810001373291016,250.186279296875
2023-09-19,19.639999389648438,7.550000190734863,56.06999969482422,249.80007934570312
2023-09-20,19.690000534057617,7.5,55.43000030517578,250.0179443359375
2023-09-21,19.139999389648438,7.53000020980835,55.5099983215332,242.54156494140625
2023-09-22,19.450000762939453,7.440000057220459,54.2400016784668,241.8780975341797
2023-09-25,19.579999923706055,7.460000038146973,53.7599983215332,240.93736267089844
2023-09-26,20.239999771118164,7.400000095367432,52.290000915527344,235.54051208496094
2023-09-27,20.56999969482422,7.550000190734863,51.81999969482422,233.6491241455078
2023-09-28,21.030000686645508,7.559999942779541,52.22999954223633,239.8876953125
2023-09-29,21.350000381469727,7.650000095367432,52.20000076293945,219.7262420654297
2023-10-02,21.079999923706055,7.579999923706055,50.7599983215332,210.24957275390625
2023-10-03,20.559999465942383,7.460000038146973,48.72999954223633,205.7538299560547
2023-10-04,20.899999618530273,7.5,48.4900016784668,210.7843017578125
2023-10-05,20.59000015258789,7.489999771118164,47.470001220703125,209.19000244140625
2023-10-06,20.75,7.579999923706055,46.880001068115234,213.1699981689453
2023-10-09,19.899999618530273,7.360000133514404,47.279998779296875,210.75999450683594
2023-10-10,19.940000534057617,7.460000038146973,47.08000183105469,212.75999450683594
2023-10-11,19.530000686645508,7.360000133514404,46.459999084472656,215.8699951171875
2023-10-12,19.280000686645508,7.090000152587891,45.119998931884766,213.33999633789062
2023-10-13,17.969999313354492,7.019999980926514,44.689998626708984,215.0800018310547
2023-10-16,18.889999389648438,7.199999809265137,46.09000015258789,222.7100067138672
2023-10-17,19.010000228881836,7.300000190734863,47.52000045776367,224.92999267578125
2023-10-18,18.440000534057617,7.230000019073486,45.68000030517578,222.8800048828125
2023-10-19,18.440000534057617,7.150000095367432,43.209999084472656,215.52000427246094
2023-10-20,18.43000030517578,6.949999809265137,41.70000076293945,216.00999450683594
2023-10-23,18.270000457763672,6.880000114440918,40.91999816894531,214.5399932861328
2023-10-24,18.93000030517578,7.0,40.130001068115234,213.38999938964844
2023-10-25,18.239999771118164,6.800000190734863,40.59000015258789,209.80999755859375
2023-10-26,18.690000534057617,6.710000038146973,41.25,208.94000244140625
2023-10-27,18.639999389648438,6.449999809265137,42.790000915527344,206.52000427246094
2023-10-30,18.809999465942383,6.650000095367432,44.02000045776367,210.25
2023-10-31,18.209999084472656,6.679999828338623,44.290000915527344,212.25
2023-11-01,18.139999389648438,6.849999904632568,43.70000076293945,211.1699981689453
2023-11-02,18.920000076293945,6.900000095367432,43.869998931884766,218.22999572753906
2023-11-03,19.31999969482422,7.28000020980835,45.220001220703125,225.00999450683594
2023-11-06,18.799999237060547,7.21999979019165,44.08000183105469,222.55999755859375
